{
	"credit": "Made with Blockbench",
	"parent": "block/block",
	"textures": {
		"particle": "#all"
	},
	"elements": [
		{
			"from": [0, 0, 0],
			"to": [16, 16, 16],
			"faces": {
				"north": {"uv": [0, 0, 16, 16], "texture": "#all", "cullface": "north"},
				"east": {"uv": [0, 0, 16, 16], "texture": "#all", "cullface": "east"},
				"south": {"uv": [0, 0, 16, 16], "texture": "#all", "cullface": "south"},
				"west": {"uv": [0, 0, 16, 16], "texture": "#all", "cullface": "west"},
				"up": {"uv": [0, 0, 16, 16], "texture": "#all", "cullface": "up"},
				"down": {"uv": [0, 0, 16, 16], "texture": "#all", "cullface": "down"}
			}
		},
		{
			"from": [-6.7, -6.5, 10],
			"to": [23.3, 23.5, 10],
			"shade": false,
			"rotation": {"angle": 22.5, "axis": "y", "origin": [3, 5, 10], "rescale": true},
			"faces": {
				"north": {"uv": [0, 0, 16, 16], "texture": "#better"},
				"south": {"uv": [0, 0, 16, 16], "texture": "#better"}
			}
		},
		{
			"from": [6, -6.5, -6.7],
			"to": [6, 23.5, 23.3],
			"shade": false,
			"rotation": {"angle": 22.5, "axis": "y", "origin": [6, 5, 3], "rescale": true},
			"faces": {
				"east": {"uv": [0, 0, 16, 16], "texture": "#better"},
				"west": {"uv": [0, 0, 16, 16], "texture": "#better"}
			}
		}
	],
	"groups": [0,
		{
			"name": "tinted_cross",
			"origin": [8, 8, 8],
			"children": [1, 2]
		}
	]
}